<KicadtoNgspice><source><v2 name="Source type">dc<field1 name="Value">1</field1></v2><v1 name="Source type">dc<field1 name="Value">1</field1></v1><v1 name="Source type">pulse<field1 name="Initial Value">0</field1><field2 name="Pulse Value">1</field2><field3 name="Delay Time">0</field3><field4 name="Rise Time">0</field4><field5 name="Fall Time">0</field5><field5 name="Pulse width">1n</field5><field5 name="Period">2n</field5></v1><v3 name="Source type">dc<field1 name="Value">1</field1></v3></source><model /><devicemodel><m11><field>C:\FOSSEE\eSim\library\deviceModelLibrary\MOS\NMOS-180nm.lib</field><field /><field /><field /></m11><m12><field>C:\FOSSEE\eSim\library\deviceModelLibrary\MOS\NMOS-180nm.lib</field><field /><field /><field /></m12><m14><field>C:\FOSSEE\eSim\library\deviceModelLibrary\MOS\PMOS-180nm.lib</field><field /><field /><field /></m14><m18><field>C:\FOSSEE\eSim\library\deviceModelLibrary\MOS\PMOS-180nm.lib</field><field /><field /><field /></m18><m15><field>C:\FOSSEE\eSim\library\deviceModelLibrary\MOS\NMOS-180nm.lib</field><field /><field /><field /></m15><m16><field>C:\FOSSEE\eSim\library\deviceModelLibrary\MOS\NMOS-180nm.lib</field><field /><field /><field /></m16><m22><field>C:\FOSSEE\eSim\library\deviceModelLibrary\MOS\PMOS-180nm.lib</field><field /><field /><field /></m22><m9><field>C:\FOSSEE\eSim\library\deviceModelLibrary\MOS\PMOS-180nm.lib</field><field /><field /><field /></m9><m6><field>C:\FOSSEE\eSim\library\deviceModelLibrary\MOS\PMOS-180nm.lib</field><field /><field /><field /></m6><m20><field>C:\FOSSEE\eSim\library\deviceModelLibrary\MOS\NMOS-180nm.lib</field><field /><field /><field /></m20><m19><field>C:\FOSSEE\eSim\library\deviceModelLibrary\MOS\NMOS-180nm.lib</field><field /><field /><field /></m19><m7><field>C:\FOSSEE\eSim\library\deviceModelLibrary\MOS\NMOS-180nm.lib</field><field /><field /><field /></m7><m8><field>C:\FOSSEE\eSim\library\deviceModelLibrary\MOS\NMOS-180nm.lib</field><field /><field /><field /></m8><m3><field>C:\FOSSEE\eSim\library\deviceModelLibrary\MOS\NMOS-180nm.lib</field><field /><field /><field /></m3><m4><field>C:\FOSSEE\eSim\library\deviceModelLibrary\MOS\NMOS-180nm.lib</field><field /><field /><field /></m4><m5><field>C:\FOSSEE\eSim\library\deviceModelLibrary\MOS\PMOS-180nm.lib</field><field /><field /><field /></m5><m10><field>C:\FOSSEE\eSim\library\deviceModelLibrary\MOS\PMOS-180nm.lib</field><field /><field /><field /></m10><m13><field>C:\FOSSEE\eSim\library\deviceModelLibrary\MOS\PMOS-180nm.lib</field><field /><field /><field /></m13><m17><field>C:\FOSSEE\eSim\library\deviceModelLibrary\MOS\PMOS-180nm.lib</field><field /><field /><field /></m17><m21><field>C:\FOSSEE\eSim\library\deviceModelLibrary\MOS\PMOS-180nm.lib</field><field /><field /><field /></m21><m2><field>C:\FOSSEE\eSim\library\deviceModelLibrary\MOS\PMOS-180nm.lib</field><field /><field /><field /></m2><m1><field>C:\FOSSEE\eSim\library\deviceModelLibrary\MOS\NMOS-180nm.lib</field><field /><field /><field /></m1><m26><field>C:\FOSSEE\eSim\library\deviceModelLibrary\MOS\PMOS-180nm.lib</field><field /><field /><field /></m26><m25><field>C:\FOSSEE\eSim\library\deviceModelLibrary\MOS\NMOS-180nm.lib</field><field /><field /><field /></m25><m24><field>C:\FOSSEE\eSim\library\deviceModelLibrary\MOS\PMOS-180nm.lib</field><field /><field /><field /></m24><m23><field>C:\FOSSEE\eSim\library\deviceModelLibrary\MOS\NMOS-180nm.lib</field><field /><field /><field /></m23><m28><field>C:\FOSSEE\eSim\library\deviceModelLibrary\MOS\PMOS-180nm.lib</field><field /><field /><field /></m28><m30><field>C:\FOSSEE\eSim\library\deviceModelLibrary\MOS\PMOS-180nm.lib</field><field /><field /><field /></m30><m27><field>C:\FOSSEE\eSim\library\deviceModelLibrary\MOS\NMOS-180nm.lib</field><field /><field /><field /></m27><m29><field>C:\FOSSEE\eSim\library\deviceModelLibrary\MOS\NMOS-180nm.lib</field><field /><field /><field /></m29><m32><field>C:\FOSSEE\eSim\library\deviceModelLibrary\MOS\PMOS-180nm.lib</field><field /><field /><field /></m32><m31><field>C:\FOSSEE\eSim\library\deviceModelLibrary\MOS\NMOS-180nm.lib</field><field /><field /><field /></m31></devicemodel><subcircuit /><analysis><ac><field1 name="Lin">true</field1><field2 name="Dec">false</field2><field3 name="Oct">false</field3><field4 name="Start Frequency" /><field5 name="Stop Frequency" /><field6 name="No. of points" /><field7 name="Start Fre Combo">Hz</field7><field8 name="Stop Fre Combo">Hz</field8></ac><dc><field1 name="Source 1" /><field2 name="Start" /><field3 name="Increment" /><field4 name="Stop" /><field5 name="Operating Point">0</field5><field6 name="Start Combo">Volts or Amperes</field6><field7 name="Increment Combo">Volts or Amperes</field7><field8 name="Stop Combo">Volts or Amperes</field8><field9 name="Source 2" /><field10 name="Start" /><field11 name="Increment" /><field12 name="Stop" /><field13 name="Start Combo">Volts or Amperes</field13><field14 name="Increment Combo">Volts or Amperes</field14><field15 name="Stop Combo">Volts or Amperes</field15></dc><tran><field1 name="Start Time">0</field1><field2 name="Step Time">0.01</field2><field3 name="Stop Time">100</field3><field4 name="Start Combo">ns</field4><field5 name="Step Combo">ns</field5><field6 name="Stop Combo">ns</field6></tran></analysis></KicadtoNgspice>